id,frames,length_cm,width_cm,speed_flow_cm_s,speed_kalman_cm_s,type,vote_share,n_votes
1,117,9.36,1.6,1.07,1.37,n/a,,0
2,10,4.56,1.81,2.12,1.68,n/a,,0
3,17,7.2,5.74,13.2,6.29,n/a,,0
4,38,7.17,2.96,1.49,2.85,n/a,,0
5,182,13.13,10.44,1.62,4.02,n/a,,0
6,40,2.81,1.93,1.62,1.55,n/a,,0
9,65,5.51,0.99,1.2,1.82,n/a,,0
11,89,6.59,4.56,1.42,2.63,n/a,,0
12,79,4.9,2.04,11.93,4.29,n/a,,0
15,33,2.7,2.59,12.09,4.15,n/a,,0
18,15,2.46,1.67,1.31,1.26,n/a,,0
19,85,7.28,6.23,9.53,11.0,n/a,,0
20,33,5.65,3.38,9.71,6.56,n/a,,0
29,21,2.93,2.15,11.58,14.17,n/a,,0
32,53,4.91,4.04,17.65,9.92,n/a,,0
35,19,3.33,1.98,1.11,2.13,n/a,,0
37,10,8.52,1.26,9.08,33.61,n/a,,0
38,91,14.48,1.65,3.35,11.43,n/a,,0
42,61,7.91,3.69,2.31,12.57,n/a,,0
44,138,6.04,4.38,7.17,7.52,cluster_3,0.6,5
46,11,5.0,2.99,6.15,3.57,n/a,,0
47,67,13.66,3.78,12.57,12.81,n/a,,0
48,29,8.94,0.9,,17.56,n/a,,0
55,16,4.85,1.93,3.39,16.07,n/a,,0
56,16,3.94,3.35,0.59,4.6,n/a,,0
62,10,9.18,3.26,90.96,7.98,n/a,,0
66,88,14.54,10.25,17.04,13.7,n/a,,0
67,42,6.77,5.14,11.15,12.54,n/a,,0
68,112,7.63,3.77,10.68,10.54,n/a,,0
70,43,5.61,3.59,4.38,5.86,n/a,,0
75,17,22.83,1.9,3.55,20.39,cluster_2,1.0,1
77,23,5.68,1.52,1.07,2.7,cluster_1,1.0,3
82,34,9.53,2.29,2.88,14.92,cluster_0,0.67,3
83,26,8.12,3.55,21.2,9.78,cluster_3,0.5,6
87,14,7.9,3.03,13.45,10.04,cluster_0,0.67,3
89,62,9.67,4.49,8.58,5.08,cluster_0,0.83,12
91,23,8.42,1.58,2.57,4.13,cluster_0,0.4,5
92,18,7.03,1.62,,0.87,cluster_2,1.0,4
93,90,12.26,10.27,17.57,10.9,cluster_3,0.6,10
98,15,6.57,1.14,5.22,4.29,cluster_3,1.0,3
100,104,5.8,3.1,11.49,8.9,cluster_2,1.0,5
101,91,9.66,5.08,1.52,11.46,cluster_3,0.32,19
104,19,7.64,0.6,,0.43,cluster_1,1.0,4
105,45,14.04,1.79,2.87,8.49,cluster_0,0.67,6
108,69,16.94,6.02,9.61,1.37,cluster_0,1.0,14
110,68,8.5,0.7,0.98,0.62,cluster_2,1.0,3
111,30,7.27,7.07,0.52,10.09,cluster_3,0.5,6
113,11,7.64,0.62,,0.39,cluster_1,1.0,3
114,26,7.42,1.81,,3.92,cluster_0,0.83,6
115,25,6.27,1.03,17.2,2.55,cluster_0,1.0,2
116,10,5.73,2.56,2.25,12.81,cluster_1,1.0,2
